cell	celltype	TREATMENT
Immunodeficiency7827658	SM B-cells	CONTROL
Immunodeficiency7827659	USM B-cells	CONTROL
Immunodeficiency7827660	SM B-cells	CONTROL
Immunodeficiency7827661	USM B-cells	CONTROL
Immunodeficiency7827662	SM B-cells	CONTROL
Immunodeficiency7827663	USM B-cells	CONTROL
Immunodeficiency7827664	SM B-cells	CONTROL
Immunodeficiency7827665	USM B-cells	CONTROL
Immunodeficiency7827666	SM B-cells	CONTROL
Immunodeficiency7827667	USM B-cells	CONTROL
Immunodeficiency7827668	SM B-cells	CONTROL
Immunodeficiency7827669	USM B-cells	CONTROL
Immunodeficiency7827670	SM B-cells	CONTROL
Immunodeficiency7827671	USM B-cells	CONTROL
Immunodeficiency7827672	SM B-cells	CONTROL
Immunodeficiency7827673	USM B-cells	CONTROL
Immunodeficiency7827674	SM B-cells	CONTROL
Immunodeficiency7827675	SM B-cells	CVID
Immunodeficiency7827676	SM B-cells	CONTROL
Immunodeficiency7827677	SM B-cells	CVID
Immunodeficiency7827678	SM B-cells	CONTROL
Immunodeficiency7827679	SM B-cells	CVID
Immunodeficiency7827680	SM B-cells	CONTROL
Immunodeficiency7827681	SM B-cells	CVID
Immunodeficiency7827682	SM B-cells	CONTROL
Immunodeficiency7827683	SM B-cells	CVID
Immunodeficiency7827684	SM B-cells	CONTROL
Immunodeficiency7827685	SM B-cells	CVID
Immunodeficiency7827686	SM B-cells	CONTROL
Immunodeficiency7827687	SM B-cells	CVID
Immunodeficiency7827688	SM B-cells	CONTROL
Immunodeficiency7827689	SM B-cells	CVID
Immunodeficiency7827690	SM B-cells	CONTROL
Immunodeficiency7827691	USM B-cells	CONTROL
Immunodeficiency7827692	SM B-cells	CONTROL
Immunodeficiency7827693	USM B-cells	CONTROL
Immunodeficiency7827694	SM B-cells	CONTROL
Immunodeficiency7827695	USM B-cells	CONTROL
Immunodeficiency7827696	SM B-cells	CONTROL
Immunodeficiency7827697	USM B-cells	CONTROL
Immunodeficiency7827698	SM B-cells	CONTROL
Immunodeficiency7827699	USM B-cells	CONTROL
Immunodeficiency7827700	SM B-cells	CONTROL
Immunodeficiency7827701	USM B-cells	CONTROL
Immunodeficiency7827702	SM B-cells	CONTROL
Immunodeficiency7827703	USM B-cells	CONTROL
Immunodeficiency7827704	SM B-cells	CONTROL
Immunodeficiency7827705	USM B-cells	CONTROL
Immunodeficiency7827706	SM B-cells	CONTROL
Immunodeficiency7827707	SM B-cells	CVID
Immunodeficiency7827708	SM B-cells	CONTROL
Immunodeficiency7827709	SM B-cells	CVID
Immunodeficiency7827710	SM B-cells	CONTROL
Immunodeficiency7827711	SM B-cells	CVID
Immunodeficiency7827712	SM B-cells	CONTROL
Immunodeficiency7827713	SM B-cells	CVID
Immunodeficiency7827714	SM B-cells	CONTROL
Immunodeficiency7827715	SM B-cells	CVID
Immunodeficiency7827716	SM B-cells	CONTROL
Immunodeficiency7827717	SM B-cells	CVID
Immunodeficiency7827718	SM B-cells	CONTROL
Immunodeficiency7827719	SM B-cells	CVID
Immunodeficiency7827720	SM B-cells	CONTROL
Immunodeficiency7827721	SM B-cells	CVID
Immunodeficiency7827722	SM B-cells	CONTROL
Immunodeficiency7827723	USM B-cells	CONTROL
Immunodeficiency7827724	SM B-cells	CONTROL
Immunodeficiency7827725	USM B-cells	CONTROL
Immunodeficiency7827726	SM B-cells	CONTROL
Immunodeficiency7827727	USM B-cells	CONTROL
Immunodeficiency7827728	SM B-cells	CONTROL
Immunodeficiency7827729	USM B-cells	CONTROL
Immunodeficiency7827730	SM B-cells	CONTROL
Immunodeficiency7827731	USM B-cells	CONTROL
Immunodeficiency7827732	SM B-cells	CONTROL
Immunodeficiency7827733	USM B-cells	CONTROL
Immunodeficiency7827734	SM B-cells	CONTROL
Immunodeficiency7827735	USM B-cells	CONTROL
Immunodeficiency7827736	SM B-cells	CONTROL
Immunodeficiency7827737	USM B-cells	CONTROL
Immunodeficiency7827738	SM B-cells	CONTROL
Immunodeficiency7827739	SM B-cells	CVID
Immunodeficiency7827740	SM B-cells	CONTROL
Immunodeficiency7827741	SM B-cells	CVID
Immunodeficiency7827742	SM B-cells	CONTROL
Immunodeficiency7827743	SM B-cells	CVID
Immunodeficiency7827744	SM B-cells	CONTROL
Immunodeficiency7827745	SM B-cells	CVID
Immunodeficiency7827746	SM B-cells	CONTROL
Immunodeficiency7827747	SM B-cells	CVID
Immunodeficiency7827748	SM B-cells	CONTROL
Immunodeficiency7827749	SM B-cells	CVID
Immunodeficiency7827750	SM B-cells	CONTROL
Immunodeficiency7827751	SM B-cells	CVID
Immunodeficiency7827752	SM B-cells	CONTROL
Immunodeficiency7827753	SM B-cells	CVID
Immunodeficiency7827754	SM B-cells	CONTROL
Immunodeficiency7827755	USM B-cells	CONTROL
Immunodeficiency7827756	SM B-cells	CONTROL
Immunodeficiency7827757	USM B-cells	CONTROL
Immunodeficiency7827758	SM B-cells	CONTROL
Immunodeficiency7827759	USM B-cells	CONTROL
Immunodeficiency7827760	SM B-cells	CONTROL
Immunodeficiency7827761	USM B-cells	CONTROL
Immunodeficiency7827762	SM B-cells	CONTROL
Immunodeficiency7827763	USM B-cells	CONTROL
Immunodeficiency7827764	SM B-cells	CONTROL
Immunodeficiency7827765	USM B-cells	CONTROL
Immunodeficiency7827766	SM B-cells	CONTROL
Immunodeficiency7827767	USM B-cells	CONTROL
Immunodeficiency7827768	SM B-cells	CONTROL
Immunodeficiency7827769	USM B-cells	CONTROL
Immunodeficiency7827770	SM B-cells	CONTROL
Immunodeficiency7827771	SM B-cells	CVID
Immunodeficiency7827772	SM B-cells	CONTROL
Immunodeficiency7827773	SM B-cells	CVID
Immunodeficiency7827774	SM B-cells	CONTROL
Immunodeficiency7827775	SM B-cells	CVID
Immunodeficiency7827776	SM B-cells	CONTROL
Immunodeficiency7827777	SM B-cells	CVID
Immunodeficiency7827778	SM B-cells	CONTROL
Immunodeficiency7827779	SM B-cells	CVID
Immunodeficiency7827780	SM B-cells	CONTROL
Immunodeficiency7827781	SM B-cells	CVID
Immunodeficiency7827782	SM B-cells	CONTROL
Immunodeficiency7827783	SM B-cells	CVID
Immunodeficiency7827784	SM B-cells	CONTROL
Immunodeficiency7827785	SM B-cells	CVID
Immunodeficiency7827786	SM B-cells	CONTROL
Immunodeficiency7827787	USM B-cells	CONTROL
Immunodeficiency7827788	SM B-cells	CONTROL
Immunodeficiency7827789	USM B-cells	CONTROL
Immunodeficiency7827790	SM B-cells	CONTROL
Immunodeficiency7827791	USM B-cells	CONTROL
Immunodeficiency7827792	SM B-cells	CONTROL
Immunodeficiency7827793	USM B-cells	CONTROL
Immunodeficiency7827794	SM B-cells	CONTROL
Immunodeficiency7827795	USM B-cells	CONTROL
Immunodeficiency7827796	SM B-cells	CONTROL
Immunodeficiency7827797	USM B-cells	CONTROL
Immunodeficiency7827798	SM B-cells	CONTROL
Immunodeficiency7827799	USM B-cells	CONTROL
Immunodeficiency7827800	SM B-cells	CONTROL
Immunodeficiency7827801	USM B-cells	CONTROL
Immunodeficiency7827802	SM B-cells	CONTROL
Immunodeficiency7827803	SM B-cells	CVID
Immunodeficiency7827804	SM B-cells	CONTROL
Immunodeficiency7827805	SM B-cells	CVID
Immunodeficiency7827806	SM B-cells	CONTROL
Immunodeficiency7827807	SM B-cells	CVID
Immunodeficiency7827808	SM B-cells	CONTROL
Immunodeficiency7827809	SM B-cells	CVID
Immunodeficiency7827810	SM B-cells	CONTROL
Immunodeficiency7827811	SM B-cells	CVID
Immunodeficiency7827812	SM B-cells	CONTROL
Immunodeficiency7827813	SM B-cells	CVID
Immunodeficiency7827814	SM B-cells	CONTROL
Immunodeficiency7827815	SM B-cells	CVID
Immunodeficiency7827816	SM B-cells	CONTROL
Immunodeficiency7827817	SM B-cells	CVID
Immunodeficiency7827818	SM B-cells	CONTROL
Immunodeficiency7827819	USM B-cells	CONTROL
Immunodeficiency7827820	SM B-cells	CONTROL
Immunodeficiency7827821	USM B-cells	CONTROL
Immunodeficiency7827822	SM B-cells	CONTROL
Immunodeficiency7827823	USM B-cells	CONTROL
Immunodeficiency7827824	SM B-cells	CONTROL
Immunodeficiency7827825	USM B-cells	CONTROL
Immunodeficiency7827826	SM B-cells	CONTROL
Immunodeficiency7827827	USM B-cells	CONTROL
Immunodeficiency7827828	SM B-cells	CONTROL
Immunodeficiency7827829	USM B-cells	CONTROL
Immunodeficiency7827830	SM B-cells	CONTROL
Immunodeficiency7827831	USM B-cells	CONTROL
Immunodeficiency7827832	SM B-cells	CONTROL
Immunodeficiency7827833	USM B-cells	CONTROL
Immunodeficiency7827834	SM B-cells	CONTROL
Immunodeficiency7827835	SM B-cells	CVID
Immunodeficiency7827836	SM B-cells	CONTROL
Immunodeficiency7827837	SM B-cells	CVID
Immunodeficiency7827838	SM B-cells	CONTROL
Immunodeficiency7827839	SM B-cells	CVID
Immunodeficiency7827840	SM B-cells	CONTROL
Immunodeficiency7827841	SM B-cells	CVID
Immunodeficiency7827842	SM B-cells	CONTROL
Immunodeficiency7827843	SM B-cells	CVID
Immunodeficiency7827844	SM B-cells	CONTROL
Immunodeficiency7827845	SM B-cells	CVID
Immunodeficiency7827846	SM B-cells	CONTROL
Immunodeficiency7827847	SM B-cells	CVID
Immunodeficiency7827848	SM B-cells	CONTROL
Immunodeficiency7827849	SM B-cells	CVID
Immunodeficiency7827850	SM B-cells	CONTROL
Immunodeficiency7827851	USM B-cells	CONTROL
Immunodeficiency7827852	SM B-cells	CONTROL
Immunodeficiency7827853	USM B-cells	CONTROL
Immunodeficiency7827854	SM B-cells	CONTROL
Immunodeficiency7827855	USM B-cells	CONTROL
Immunodeficiency7827856	SM B-cells	CONTROL
Immunodeficiency7827857	USM B-cells	CONTROL
Immunodeficiency7827858	SM B-cells	CONTROL
Immunodeficiency7827859	USM B-cells	CONTROL
Immunodeficiency7827860	SM B-cells	CONTROL
Immunodeficiency7827861	USM B-cells	CONTROL
Immunodeficiency7827862	SM B-cells	CONTROL
Immunodeficiency7827863	USM B-cells	CONTROL
Immunodeficiency7827864	SM B-cells	CONTROL
Immunodeficiency7827865	USM B-cells	CONTROL
Immunodeficiency7827866	SM B-cells	CONTROL
Immunodeficiency7827867	SM B-cells	CVID
Immunodeficiency7827868	SM B-cells	CONTROL
Immunodeficiency7827869	SM B-cells	CVID
Immunodeficiency7827870	SM B-cells	CONTROL
Immunodeficiency7827871	SM B-cells	CVID
Immunodeficiency7827872	SM B-cells	CONTROL
Immunodeficiency7827873	SM B-cells	CVID
Immunodeficiency7827874	SM B-cells	CONTROL
Immunodeficiency7827875	SM B-cells	CVID
Immunodeficiency7827876	SM B-cells	CONTROL
Immunodeficiency7827877	SM B-cells	CVID
Immunodeficiency7827878	SM B-cells	CONTROL
Immunodeficiency7827879	SM B-cells	CVID
Immunodeficiency7827880	SM B-cells	CONTROL
Immunodeficiency7827881	SM B-cells	CVID
Immunodeficiency7827882	SM B-cells	CONTROL
Immunodeficiency7827883	USM B-cells	CONTROL
Immunodeficiency7827884	SM B-cells	CONTROL
Immunodeficiency7827885	USM B-cells	CONTROL
Immunodeficiency7827886	SM B-cells	CONTROL
Immunodeficiency7827887	USM B-cells	CONTROL
Immunodeficiency7827888	SM B-cells	CONTROL
Immunodeficiency7827889	USM B-cells	CONTROL
Immunodeficiency7827890	SM B-cells	CONTROL
Immunodeficiency7827891	USM B-cells	CONTROL
Immunodeficiency7827892	SM B-cells	CONTROL
Immunodeficiency7827893	USM B-cells	CONTROL
Immunodeficiency7827894	SM B-cells	CONTROL
Immunodeficiency7827895	USM B-cells	CONTROL
Immunodeficiency7827896	SM B-cells	CONTROL
Immunodeficiency7827897	USM B-cells	CONTROL
Immunodeficiency7827898	SM B-cells	CONTROL
Immunodeficiency7827899	SM B-cells	CVID
Immunodeficiency7827900	SM B-cells	CONTROL
Immunodeficiency7827901	SM B-cells	CVID
Immunodeficiency7827902	SM B-cells	CONTROL
Immunodeficiency7827903	SM B-cells	CVID
Immunodeficiency7827904	SM B-cells	CONTROL
Immunodeficiency7827905	SM B-cells	CVID
Immunodeficiency7827906	SM B-cells	CONTROL
Immunodeficiency7827907	SM B-cells	CVID
Immunodeficiency7827908	SM B-cells	CONTROL
Immunodeficiency7827909	SM B-cells	CVID
Immunodeficiency7827910	SM B-cells	CONTROL
Immunodeficiency7827911	SM B-cells	CVID
Immunodeficiency7827912	SM B-cells	CONTROL
Immunodeficiency7827913	SM B-cells	CVID
Immunodeficiency7827914	SM B-cells	CONTROL
Immunodeficiency7827915	USM B-cells	CONTROL
Immunodeficiency7827916	SM B-cells	CONTROL
Immunodeficiency7827917	USM B-cells	CONTROL
Immunodeficiency7827918	SM B-cells	CONTROL
Immunodeficiency7827919	USM B-cells	CONTROL
Immunodeficiency7827920	SM B-cells	CONTROL
Immunodeficiency7827921	USM B-cells	CONTROL
Immunodeficiency7827922	SM B-cells	CONTROL
Immunodeficiency7827923	USM B-cells	CONTROL
Immunodeficiency7827924	SM B-cells	CONTROL
Immunodeficiency7827925	USM B-cells	CONTROL
Immunodeficiency7827926	SM B-cells	CONTROL
Immunodeficiency7827927	USM B-cells	CONTROL
Immunodeficiency7827928	SM B-cells	CONTROL
Immunodeficiency7827929	USM B-cells	CONTROL
Immunodeficiency7827930	SM B-cells	CONTROL
Immunodeficiency7827931	SM B-cells	CVID
Immunodeficiency7827932	SM B-cells	CONTROL
Immunodeficiency7827933	SM B-cells	CVID
Immunodeficiency7827934	SM B-cells	CONTROL
Immunodeficiency7827935	SM B-cells	CVID
Immunodeficiency7827936	SM B-cells	CONTROL
Immunodeficiency7827937	SM B-cells	CVID
Immunodeficiency7827938	SM B-cells	CONTROL
Immunodeficiency7827939	SM B-cells	CVID
Immunodeficiency7827940	SM B-cells	CONTROL
Immunodeficiency7827941	SM B-cells	CVID
Immunodeficiency7827942	SM B-cells	CONTROL
Immunodeficiency7827943	SM B-cells	CVID
Immunodeficiency7827944	SM B-cells	CONTROL
Immunodeficiency7827945	SM B-cells	CVID
Immunodeficiency7827946	SM B-cells	CONTROL
Immunodeficiency7827947	USM B-cells	CONTROL
Immunodeficiency7827948	SM B-cells	CONTROL
Immunodeficiency7827949	USM B-cells	CONTROL
Immunodeficiency7827950	SM B-cells	CONTROL
Immunodeficiency7827951	USM B-cells	CONTROL
Immunodeficiency7827952	SM B-cells	CONTROL
Immunodeficiency7827953	USM B-cells	CONTROL
Immunodeficiency7827954	SM B-cells	CONTROL
Immunodeficiency7827955	USM B-cells	CONTROL
Immunodeficiency7827956	SM B-cells	CONTROL
Immunodeficiency7827957	USM B-cells	CONTROL
Immunodeficiency7827958	SM B-cells	CONTROL
Immunodeficiency7827959	USM B-cells	CONTROL
Immunodeficiency7827960	SM B-cells	CONTROL
Immunodeficiency7827961	USM B-cells	CONTROL
Immunodeficiency7827962	SM B-cells	CONTROL
Immunodeficiency7827963	SM B-cells	CVID
Immunodeficiency7827964	SM B-cells	CONTROL
Immunodeficiency7827965	SM B-cells	CVID
Immunodeficiency7827966	SM B-cells	CONTROL
Immunodeficiency7827967	SM B-cells	CVID
Immunodeficiency7827968	SM B-cells	CONTROL
Immunodeficiency7827969	SM B-cells	CVID
Immunodeficiency7827970	SM B-cells	CONTROL
Immunodeficiency7827971	SM B-cells	CVID
Immunodeficiency7827972	SM B-cells	CONTROL
Immunodeficiency7827973	SM B-cells	CVID
Immunodeficiency7827974	SM B-cells	CONTROL
Immunodeficiency7827975	SM B-cells	CVID
Immunodeficiency7827976	SM B-cells	CONTROL
Immunodeficiency7827977	SM B-cells	CVID
Immunodeficiency7827978	SM B-cells	CONTROL
Immunodeficiency7827979	USM B-cells	CONTROL
Immunodeficiency7827980	SM B-cells	CONTROL
Immunodeficiency7827981	USM B-cells	CONTROL
Immunodeficiency7827982	SM B-cells	CONTROL
Immunodeficiency7827983	USM B-cells	CONTROL
Immunodeficiency7827984	SM B-cells	CONTROL
Immunodeficiency7827985	USM B-cells	CONTROL
Immunodeficiency7827986	SM B-cells	CONTROL
Immunodeficiency7827987	USM B-cells	CONTROL
Immunodeficiency7827988	SM B-cells	CONTROL
Immunodeficiency7827989	USM B-cells	CONTROL
Immunodeficiency7827990	SM B-cells	CONTROL
Immunodeficiency7827991	USM B-cells	CONTROL
Immunodeficiency7827992	SM B-cells	CONTROL
Immunodeficiency7827993	USM B-cells	CONTROL
Immunodeficiency7827994	SM B-cells	CONTROL
Immunodeficiency7827995	SM B-cells	CVID
Immunodeficiency7827996	SM B-cells	CONTROL
Immunodeficiency7827997	SM B-cells	CVID
Immunodeficiency7827998	SM B-cells	CONTROL
Immunodeficiency7827999	SM B-cells	CVID
Immunodeficiency7828000	SM B-cells	CONTROL
Immunodeficiency7828001	SM B-cells	CVID
Immunodeficiency7828002	SM B-cells	CONTROL
Immunodeficiency7828003	SM B-cells	CVID
Immunodeficiency7828004	SM B-cells	CONTROL
Immunodeficiency7828005	SM B-cells	CVID
Immunodeficiency7828006	SM B-cells	CONTROL
Immunodeficiency7828007	SM B-cells	CVID
Immunodeficiency7828008	SM B-cells	CONTROL
Immunodeficiency7828009	SM B-cells	CVID
Immunodeficiency7828010	SM B-cells	CONTROL
Immunodeficiency7828011	USM B-cells	CONTROL
Immunodeficiency7828012	SM B-cells	CONTROL
Immunodeficiency7828013	USM B-cells	CONTROL
Immunodeficiency7828014	SM B-cells	CONTROL
Immunodeficiency7828015	USM B-cells	CONTROL
Immunodeficiency7828016	SM B-cells	CONTROL
Immunodeficiency7828017	USM B-cells	CONTROL
Immunodeficiency7828018	SM B-cells	CONTROL
Immunodeficiency7828019	USM B-cells	CONTROL
Immunodeficiency7828020	SM B-cells	CONTROL
Immunodeficiency7828021	USM B-cells	CONTROL
Immunodeficiency7828022	SM B-cells	CONTROL
Immunodeficiency7828023	USM B-cells	CONTROL
Immunodeficiency7828024	SM B-cells	CONTROL
Immunodeficiency7828025	SM B-cells	CVID
Immunodeficiency7828026	SM B-cells	CONTROL
Immunodeficiency7828027	SM B-cells	CVID
Immunodeficiency7828028	SM B-cells	CONTROL
Immunodeficiency7828029	SM B-cells	CVID
Immunodeficiency7828030	SM B-cells	CONTROL
Immunodeficiency7828031	SM B-cells	CVID
Immunodeficiency7828032	SM B-cells	CONTROL
Immunodeficiency7828033	SM B-cells	CVID
Immunodeficiency7828034	SM B-cells	CONTROL
Immunodeficiency7828035	SM B-cells	CVID
Immunodeficiency7828036	SM B-cells	CONTROL
Immunodeficiency7828037	SM B-cells	CVID
Immunodeficiency7828038	SM B-cells	CONTROL
Immunodeficiency7828039	SM B-cells	CVID
Immunodeficiency7828040	SM B-cells	CONTROL
Immunodeficiency7828041	SM B-cells	CVID
Immunodeficiency7828042	Naive B-cells	CVID
Immunodeficiency7828043	USM B-cells	CVID
Immunodeficiency7828044	Naive B-cells	CVID
Immunodeficiency7828045	USM B-cells	CVID
Immunodeficiency7828046	Naive B-cells	CVID
Immunodeficiency7828047	USM B-cells	CVID
Immunodeficiency7828048	Naive B-cells	CVID
Immunodeficiency7828049	USM B-cells	CVID
Immunodeficiency7828050	Naive B-cells	CVID
Immunodeficiency7828051	USM B-cells	CVID
Immunodeficiency7828052	Naive B-cells	CVID
Immunodeficiency7828053	USM B-cells	CVID
Immunodeficiency7828054	Naive B-cells	CVID
Immunodeficiency7828055	USM B-cells	CVID
Immunodeficiency7828056	Naive B-cells	CVID
Immunodeficiency7828057	USM B-cells	CVID
Immunodeficiency7828058	SM B-cells	CVID
Immunodeficiency7828059	USM B-cells	CONTROL
Immunodeficiency7828060	SM B-cells	CVID
Immunodeficiency7828061	USM B-cells	CONTROL
Immunodeficiency7828062	SM B-cells	CVID
Immunodeficiency7828063	USM B-cells	CONTROL
Immunodeficiency7828064	SM B-cells	CVID
Immunodeficiency7828065	USM B-cells	CONTROL
Immunodeficiency7828066	SM B-cells	CVID
Immunodeficiency7828067	USM B-cells	CONTROL
Immunodeficiency7828068	SM B-cells	CVID
Immunodeficiency7828069	USM B-cells	CONTROL
Immunodeficiency7828070	SM B-cells	CVID
Immunodeficiency7828071	USM B-cells	CONTROL
Immunodeficiency7828072	SM B-cells	CVID
Immunodeficiency7828073	USM B-cells	CONTROL
Immunodeficiency7828074	Naive B-cells	CVID
Immunodeficiency7828075	USM B-cells	CVID
Immunodeficiency7828076	Naive B-cells	CVID
Immunodeficiency7828077	USM B-cells	CVID
Immunodeficiency7828078	Naive B-cells	CVID
Immunodeficiency7828079	USM B-cells	CVID
Immunodeficiency7828080	Naive B-cells	CVID
Immunodeficiency7828081	USM B-cells	CVID
Immunodeficiency7828082	Naive B-cells	CVID
Immunodeficiency7828083	USM B-cells	CVID
Immunodeficiency7828084	Naive B-cells	CVID
Immunodeficiency7828085	USM B-cells	CVID
Immunodeficiency7828086	Naive B-cells	CVID
Immunodeficiency7828087	USM B-cells	CVID
Immunodeficiency7828088	Naive B-cells	CVID
Immunodeficiency7828089	USM B-cells	CVID
Immunodeficiency7828090	SM B-cells	CVID
Immunodeficiency7828091	USM B-cells	CONTROL
Immunodeficiency7828092	SM B-cells	CVID
Immunodeficiency7828093	USM B-cells	CONTROL
Immunodeficiency7828094	SM B-cells	CVID
Immunodeficiency7828095	USM B-cells	CONTROL
Immunodeficiency7828096	SM B-cells	CVID
Immunodeficiency7828097	USM B-cells	CONTROL
Immunodeficiency7828098	SM B-cells	CVID
Immunodeficiency7828099	USM B-cells	CONTROL
Immunodeficiency7828100	SM B-cells	CVID
Immunodeficiency7828101	USM B-cells	CONTROL
Immunodeficiency7828102	SM B-cells	CVID
Immunodeficiency7828103	USM B-cells	CONTROL
Immunodeficiency7828104	SM B-cells	CVID
Immunodeficiency7828105	USM B-cells	CONTROL
Immunodeficiency7828106	Naive B-cells	CVID
Immunodeficiency7828107	USM B-cells	CVID
Immunodeficiency7828108	Naive B-cells	CVID
Immunodeficiency7828109	USM B-cells	CVID
Immunodeficiency7828110	Naive B-cells	CVID
Immunodeficiency7828111	USM B-cells	CVID
Immunodeficiency7828112	Naive B-cells	CVID
Immunodeficiency7828113	USM B-cells	CVID
Immunodeficiency7828114	Naive B-cells	CVID
Immunodeficiency7828115	USM B-cells	CVID
Immunodeficiency7828116	Naive B-cells	CVID
Immunodeficiency7828117	USM B-cells	CVID
Immunodeficiency7828118	Naive B-cells	CVID
Immunodeficiency7828119	USM B-cells	CVID
Immunodeficiency7828120	Naive B-cells	CVID
Immunodeficiency7828121	USM B-cells	CVID
Immunodeficiency7828122	SM B-cells	CVID
Immunodeficiency7828123	USM B-cells	CONTROL
Immunodeficiency7828124	SM B-cells	CVID
Immunodeficiency7828125	USM B-cells	CONTROL
Immunodeficiency7828126	SM B-cells	CVID
Immunodeficiency7828127	USM B-cells	CONTROL
Immunodeficiency7828128	SM B-cells	CVID
Immunodeficiency7828129	USM B-cells	CONTROL
Immunodeficiency7828130	SM B-cells	CVID
Immunodeficiency7828131	USM B-cells	CONTROL
Immunodeficiency7828132	SM B-cells	CVID
Immunodeficiency7828133	USM B-cells	CONTROL
Immunodeficiency7828134	SM B-cells	CVID
Immunodeficiency7828135	USM B-cells	CONTROL
Immunodeficiency7828136	SM B-cells	CVID
Immunodeficiency7828137	USM B-cells	CONTROL
Immunodeficiency7828138	Naive B-cells	CVID
Immunodeficiency7828139	USM B-cells	CVID
Immunodeficiency7828140	Naive B-cells	CVID
Immunodeficiency7828141	USM B-cells	CVID
Immunodeficiency7828142	Naive B-cells	CVID
Immunodeficiency7828143	USM B-cells	CVID
Immunodeficiency7828144	Naive B-cells	CVID
Immunodeficiency7828145	USM B-cells	CVID
Immunodeficiency7828146	Naive B-cells	CVID
Immunodeficiency7828147	USM B-cells	CVID
Immunodeficiency7828148	Naive B-cells	CVID
Immunodeficiency7828149	USM B-cells	CVID
Immunodeficiency7828150	Naive B-cells	CVID
Immunodeficiency7828151	USM B-cells	CVID
Immunodeficiency7828152	Naive B-cells	CVID
Immunodeficiency7828153	USM B-cells	CVID
Immunodeficiency7828154	SM B-cells	CVID
Immunodeficiency7828155	USM B-cells	CONTROL
Immunodeficiency7828156	SM B-cells	CVID
Immunodeficiency7828157	USM B-cells	CONTROL
Immunodeficiency7828158	SM B-cells	CVID
Immunodeficiency7828159	USM B-cells	CONTROL
Immunodeficiency7828160	SM B-cells	CVID
Immunodeficiency7828161	USM B-cells	CONTROL
Immunodeficiency7828162	SM B-cells	CVID
Immunodeficiency7828163	USM B-cells	CONTROL
Immunodeficiency7828164	SM B-cells	CVID
Immunodeficiency7828165	USM B-cells	CONTROL
Immunodeficiency7828166	SM B-cells	CVID
Immunodeficiency7828167	USM B-cells	CONTROL
Immunodeficiency7828168	SM B-cells	CVID
Immunodeficiency7828169	USM B-cells	CONTROL
Immunodeficiency7828170	Naive B-cells	CVID
Immunodeficiency7828171	USM B-cells	CVID
Immunodeficiency7828172	Naive B-cells	CVID
Immunodeficiency7828173	USM B-cells	CVID
Immunodeficiency7828174	Naive B-cells	CVID
Immunodeficiency7828175	USM B-cells	CVID
Immunodeficiency7828176	Naive B-cells	CVID
Immunodeficiency7828177	USM B-cells	CVID
Immunodeficiency7828178	Naive B-cells	CVID
Immunodeficiency7828179	USM B-cells	CVID
Immunodeficiency7828180	Naive B-cells	CVID
Immunodeficiency7828181	USM B-cells	CVID
Immunodeficiency7828182	Naive B-cells	CVID
Immunodeficiency7828183	USM B-cells	CVID
Immunodeficiency7828184	Naive B-cells	CVID
Immunodeficiency7828185	USM B-cells	CVID
Immunodeficiency7828186	SM B-cells	CVID
Immunodeficiency7828187	USM B-cells	CONTROL
Immunodeficiency7828188	SM B-cells	CVID
Immunodeficiency7828189	USM B-cells	CONTROL
Immunodeficiency7828190	SM B-cells	CVID
Immunodeficiency7828191	USM B-cells	CONTROL
Immunodeficiency7828192	SM B-cells	CVID
Immunodeficiency7828193	USM B-cells	CONTROL
Immunodeficiency7828194	SM B-cells	CVID
Immunodeficiency7828195	USM B-cells	CONTROL
Immunodeficiency7828196	SM B-cells	CVID
Immunodeficiency7828197	USM B-cells	CONTROL
Immunodeficiency7828198	SM B-cells	CVID
Immunodeficiency7828199	USM B-cells	CONTROL
Immunodeficiency7828200	SM B-cells	CVID
Immunodeficiency7828201	USM B-cells	CONTROL
Immunodeficiency7828202	Naive B-cells	CVID
Immunodeficiency7828203	USM B-cells	CVID
Immunodeficiency7828204	Naive B-cells	CVID
Immunodeficiency7828205	USM B-cells	CVID
Immunodeficiency7828206	Naive B-cells	CVID
Immunodeficiency7828207	USM B-cells	CVID
Immunodeficiency7828208	Naive B-cells	CVID
Immunodeficiency7828209	USM B-cells	CVID
Immunodeficiency7828210	Naive B-cells	CVID
Immunodeficiency7828211	USM B-cells	CVID
Immunodeficiency7828212	Naive B-cells	CVID
Immunodeficiency7828213	USM B-cells	CVID
Immunodeficiency7828214	Naive B-cells	CVID
Immunodeficiency7828215	USM B-cells	CVID
Immunodeficiency7828216	Naive B-cells	CVID
Immunodeficiency7828217	USM B-cells	CVID
Immunodeficiency7828218	SM B-cells	CVID
Immunodeficiency7828219	USM B-cells	CONTROL
Immunodeficiency7828220	SM B-cells	CVID
Immunodeficiency7828221	USM B-cells	CONTROL
Immunodeficiency7828222	SM B-cells	CVID
Immunodeficiency7828223	USM B-cells	CONTROL
Immunodeficiency7828224	SM B-cells	CVID
Immunodeficiency7828225	USM B-cells	CONTROL
Immunodeficiency7828226	SM B-cells	CVID
Immunodeficiency7828227	USM B-cells	CONTROL
Immunodeficiency7828228	SM B-cells	CVID
Immunodeficiency7828229	USM B-cells	CONTROL
Immunodeficiency7828230	SM B-cells	CVID
Immunodeficiency7828231	USM B-cells	CONTROL
Immunodeficiency7828232	SM B-cells	CVID
Immunodeficiency7828233	USM B-cells	CONTROL
Immunodeficiency7828234	Naive B-cells	CVID
Immunodeficiency7828235	USM B-cells	CVID
Immunodeficiency7828236	Naive B-cells	CVID
Immunodeficiency7828237	USM B-cells	CVID
Immunodeficiency7828238	Naive B-cells	CVID
Immunodeficiency7828239	USM B-cells	CVID
Immunodeficiency7828240	Naive B-cells	CVID
Immunodeficiency7828241	USM B-cells	CVID
Immunodeficiency7828242	Naive B-cells	CVID
Immunodeficiency7828243	USM B-cells	CVID
Immunodeficiency7828244	Naive B-cells	CVID
Immunodeficiency7828245	USM B-cells	CVID
Immunodeficiency7828246	Naive B-cells	CVID
Immunodeficiency7828247	USM B-cells	CVID
Immunodeficiency7828248	Naive B-cells	CVID
Immunodeficiency7828249	USM B-cells	CVID
Immunodeficiency7828250	SM B-cells	CVID
Immunodeficiency7828251	USM B-cells	CONTROL
Immunodeficiency7828252	SM B-cells	CVID
Immunodeficiency7828253	USM B-cells	CONTROL
Immunodeficiency7828254	SM B-cells	CVID
Immunodeficiency7828255	USM B-cells	CONTROL
Immunodeficiency7828256	SM B-cells	CVID
Immunodeficiency7828257	USM B-cells	CONTROL
Immunodeficiency7828258	SM B-cells	CVID
Immunodeficiency7828259	USM B-cells	CONTROL
Immunodeficiency7828260	SM B-cells	CVID
Immunodeficiency7828261	USM B-cells	CONTROL
Immunodeficiency7828262	SM B-cells	CVID
Immunodeficiency7828263	USM B-cells	CONTROL
Immunodeficiency7828264	SM B-cells	CVID
Immunodeficiency7828265	USM B-cells	CONTROL
Immunodeficiency7828266	Naive B-cells	CVID
Immunodeficiency7828267	USM B-cells	CVID
Immunodeficiency7828268	Naive B-cells	CVID
Immunodeficiency7828269	USM B-cells	CVID
Immunodeficiency7828270	Naive B-cells	CVID
Immunodeficiency7828271	USM B-cells	CVID
Immunodeficiency7828272	Naive B-cells	CVID
Immunodeficiency7828273	USM B-cells	CVID
Immunodeficiency7828274	Naive B-cells	CVID
Immunodeficiency7828275	USM B-cells	CVID
Immunodeficiency7828276	Naive B-cells	CVID
Immunodeficiency7828277	USM B-cells	CVID
Immunodeficiency7828278	Naive B-cells	CVID
Immunodeficiency7828279	USM B-cells	CVID
Immunodeficiency7828280	Naive B-cells	CVID
Immunodeficiency7828281	USM B-cells	CVID
Immunodeficiency7828282	SM B-cells	CVID
Immunodeficiency7828283	USM B-cells	CONTROL
Immunodeficiency7828284	SM B-cells	CVID
Immunodeficiency7828285	USM B-cells	CONTROL
Immunodeficiency7828286	SM B-cells	CVID
Immunodeficiency7828287	USM B-cells	CONTROL
Immunodeficiency7828288	SM B-cells	CVID
Immunodeficiency7828289	USM B-cells	CONTROL
Immunodeficiency7828290	SM B-cells	CVID
Immunodeficiency7828291	USM B-cells	CONTROL
Immunodeficiency7828292	SM B-cells	CVID
Immunodeficiency7828293	USM B-cells	CONTROL
Immunodeficiency7828294	SM B-cells	CVID
Immunodeficiency7828295	USM B-cells	CONTROL
Immunodeficiency7828296	SM B-cells	CVID
Immunodeficiency7828297	USM B-cells	CONTROL
Immunodeficiency7828298	Naive B-cells	CVID
Immunodeficiency7828299	USM B-cells	CVID
Immunodeficiency7828300	Naive B-cells	CVID
Immunodeficiency7828301	USM B-cells	CVID
Immunodeficiency7828302	Naive B-cells	CVID
Immunodeficiency7828303	USM B-cells	CVID
Immunodeficiency7828304	Naive B-cells	CVID
Immunodeficiency7828305	USM B-cells	CVID
Immunodeficiency7828306	Naive B-cells	CVID
Immunodeficiency7828307	USM B-cells	CVID
Immunodeficiency7828308	Naive B-cells	CVID
Immunodeficiency7828309	USM B-cells	CVID
Immunodeficiency7828310	Naive B-cells	CVID
Immunodeficiency7828311	USM B-cells	CVID
Immunodeficiency7828312	Naive B-cells	CVID
Immunodeficiency7828313	USM B-cells	CVID
Immunodeficiency7828314	SM B-cells	CVID
Immunodeficiency7828315	USM B-cells	CONTROL
Immunodeficiency7828316	SM B-cells	CVID
Immunodeficiency7828317	USM B-cells	CONTROL
Immunodeficiency7828318	SM B-cells	CVID
Immunodeficiency7828319	USM B-cells	CONTROL
Immunodeficiency7828320	SM B-cells	CVID
Immunodeficiency7828321	USM B-cells	CONTROL
Immunodeficiency7828322	SM B-cells	CVID
Immunodeficiency7828323	USM B-cells	CONTROL
Immunodeficiency7828324	SM B-cells	CVID
Immunodeficiency7828325	USM B-cells	CONTROL
Immunodeficiency7828326	SM B-cells	CVID
Immunodeficiency7828327	USM B-cells	CONTROL
Immunodeficiency7828328	SM B-cells	CVID
Immunodeficiency7828329	USM B-cells	CONTROL
Immunodeficiency7828330	Naive B-cells	CVID
Immunodeficiency7828331	USM B-cells	CVID
Immunodeficiency7828332	Naive B-cells	CVID
Immunodeficiency7828333	USM B-cells	CVID
Immunodeficiency7828334	Naive B-cells	CVID
Immunodeficiency7828335	USM B-cells	CVID
Immunodeficiency7828336	Naive B-cells	CVID
Immunodeficiency7828337	USM B-cells	CVID
Immunodeficiency7828338	Naive B-cells	CVID
Immunodeficiency7828339	USM B-cells	CVID
Immunodeficiency7828340	Naive B-cells	CVID
Immunodeficiency7828341	USM B-cells	CVID
Immunodeficiency7828342	Naive B-cells	CVID
Immunodeficiency7828343	USM B-cells	CVID
Immunodeficiency7828344	Naive B-cells	CVID
Immunodeficiency7828345	USM B-cells	CVID
Immunodeficiency7828346	SM B-cells	CVID
Immunodeficiency7828347	USM B-cells	CONTROL
Immunodeficiency7828348	SM B-cells	CVID
Immunodeficiency7828349	USM B-cells	CONTROL
Immunodeficiency7828350	SM B-cells	CVID
Immunodeficiency7828351	USM B-cells	CONTROL
Immunodeficiency7828352	SM B-cells	CVID
Immunodeficiency7828353	USM B-cells	CONTROL
Immunodeficiency7828354	SM B-cells	CVID
Immunodeficiency7828355	USM B-cells	CONTROL
Immunodeficiency7828356	SM B-cells	CVID
Immunodeficiency7828357	USM B-cells	CONTROL
Immunodeficiency7828358	SM B-cells	CVID
Immunodeficiency7828359	USM B-cells	CONTROL
Immunodeficiency7828360	SM B-cells	CVID
Immunodeficiency7828361	USM B-cells	CONTROL
Immunodeficiency7828362	Naive B-cells	CVID
Immunodeficiency7828363	USM B-cells	CVID
Immunodeficiency7828364	Naive B-cells	CVID
Immunodeficiency7828365	USM B-cells	CVID
Immunodeficiency7828366	Naive B-cells	CVID
Immunodeficiency7828367	USM B-cells	CVID
Immunodeficiency7828368	Naive B-cells	CVID
Immunodeficiency7828369	USM B-cells	CVID
Immunodeficiency7828370	Naive B-cells	CVID
Immunodeficiency7828371	USM B-cells	CVID
Immunodeficiency7828372	Naive B-cells	CVID
Immunodeficiency7828373	USM B-cells	CVID
Immunodeficiency7828374	Naive B-cells	CVID
Immunodeficiency7828375	USM B-cells	CVID
Immunodeficiency7828376	Naive B-cells	CVID
Immunodeficiency7828377	USM B-cells	CVID
Immunodeficiency7828378	SM B-cells	CVID
Immunodeficiency7828379	USM B-cells	CONTROL
Immunodeficiency7828380	SM B-cells	CVID
Immunodeficiency7828381	USM B-cells	CONTROL
Immunodeficiency7828382	SM B-cells	CVID
Immunodeficiency7828383	USM B-cells	CONTROL
Immunodeficiency7828384	SM B-cells	CVID
Immunodeficiency7828385	USM B-cells	CONTROL
Immunodeficiency7828386	SM B-cells	CVID
Immunodeficiency7828387	USM B-cells	CONTROL
Immunodeficiency7828388	SM B-cells	CVID
Immunodeficiency7828389	USM B-cells	CONTROL
Immunodeficiency7828390	SM B-cells	CVID
Immunodeficiency7828391	USM B-cells	CONTROL
Immunodeficiency7828392	SM B-cells	CVID
Immunodeficiency7828393	USM B-cells	CONTROL
Immunodeficiency7828394	Naive B-cells	CVID
Immunodeficiency7828395	USM B-cells	CVID
Immunodeficiency7828396	Naive B-cells	CVID
Immunodeficiency7828397	USM B-cells	CVID
Immunodeficiency7828398	Naive B-cells	CVID
Immunodeficiency7828399	USM B-cells	CVID
Immunodeficiency7828400	Naive B-cells	CVID
Immunodeficiency7828401	USM B-cells	CVID
Immunodeficiency7828402	Naive B-cells	CVID
Immunodeficiency7828403	USM B-cells	CVID
Immunodeficiency7828404	Naive B-cells	CVID
Immunodeficiency7828405	USM B-cells	CVID
Immunodeficiency7828406	Naive B-cells	CVID
Immunodeficiency7828407	USM B-cells	CVID
Immunodeficiency7828408	Naive B-cells	CVID
Immunodeficiency7828409	USM B-cells	CVID
Immunodeficiency7828410	SM B-cells	CVID
Immunodeficiency7828411	USM B-cells	CONTROL
Immunodeficiency7828412	SM B-cells	CVID
Immunodeficiency7828413	USM B-cells	CONTROL
Immunodeficiency7828414	SM B-cells	CVID
Immunodeficiency7828415	USM B-cells	CONTROL
Immunodeficiency7828416	SM B-cells	CVID
Immunodeficiency7828417	USM B-cells	CONTROL
Immunodeficiency7828418	SM B-cells	CVID
Immunodeficiency7828419	USM B-cells	CONTROL
Immunodeficiency7828420	SM B-cells	CVID
Immunodeficiency7828421	USM B-cells	CONTROL
Immunodeficiency7828422	SM B-cells	CVID
Immunodeficiency7828423	USM B-cells	CONTROL
Immunodeficiency7828424	SM B-cells	CVID
Immunodeficiency7828425	USM B-cells	CONTROL
Immunodeficiency7828426	USM B-cells	CVID
Immunodeficiency7828427	Naive B-cells	CVID
Immunodeficiency7828428	USM B-cells	CVID
Immunodeficiency7828429	Naive B-cells	CVID
Immunodeficiency7828430	USM B-cells	CVID
Immunodeficiency7828431	Naive B-cells	CVID
Immunodeficiency7828432	USM B-cells	CVID
Immunodeficiency7828433	Naive B-cells	CVID
Immunodeficiency7828434	USM B-cells	CVID
Immunodeficiency7828435	Naive B-cells	CVID
Immunodeficiency7828436	USM B-cells	CVID
Immunodeficiency7828437	Naive B-cells	CVID
Immunodeficiency7828438	USM B-cells	CVID
Immunodeficiency7828439	Naive B-cells	CVID
Immunodeficiency7828440	USM B-cells	CVID
Immunodeficiency7828441	Naive B-cells	CVID
Immunodeficiency7828442	Naive B-cells	CONTROL
Immunodeficiency7828443	Naive B-cells	CVID
Immunodeficiency7828444	Naive B-cells	CONTROL
Immunodeficiency7828445	Naive B-cells	CVID
Immunodeficiency7828446	Naive B-cells	CONTROL
Immunodeficiency7828447	Naive B-cells	CVID
Immunodeficiency7828448	Naive B-cells	CONTROL
Immunodeficiency7828449	Naive B-cells	CVID
Immunodeficiency7828450	Naive B-cells	CONTROL
Immunodeficiency7828451	Naive B-cells	CVID
Immunodeficiency7828452	Naive B-cells	CONTROL
Immunodeficiency7828453	Naive B-cells	CVID
Immunodeficiency7828454	Naive B-cells	CONTROL
Immunodeficiency7828455	Naive B-cells	CVID
Immunodeficiency7828456	Naive B-cells	CONTROL
Immunodeficiency7828457	Naive B-cells	CVID
Immunodeficiency7828458	USM B-cells	CVID
Immunodeficiency7828459	Naive B-cells	CVID
Immunodeficiency7828460	USM B-cells	CVID
Immunodeficiency7828461	Naive B-cells	CVID
Immunodeficiency7828462	USM B-cells	CVID
Immunodeficiency7828463	Naive B-cells	CVID
Immunodeficiency7828464	USM B-cells	CVID
Immunodeficiency7828465	Naive B-cells	CVID
Immunodeficiency7828466	USM B-cells	CVID
Immunodeficiency7828467	Naive B-cells	CVID
Immunodeficiency7828468	USM B-cells	CVID
Immunodeficiency7828469	Naive B-cells	CVID
Immunodeficiency7828470	USM B-cells	CVID
Immunodeficiency7828471	Naive B-cells	CVID
Immunodeficiency7828472	USM B-cells	CVID
Immunodeficiency7828473	Naive B-cells	CVID
Immunodeficiency7828474	Naive B-cells	CONTROL
Immunodeficiency7828475	Naive B-cells	CVID
Immunodeficiency7828476	Naive B-cells	CONTROL
Immunodeficiency7828477	Naive B-cells	CVID
Immunodeficiency7828478	Naive B-cells	CONTROL
Immunodeficiency7828479	Naive B-cells	CVID
Immunodeficiency7828480	Naive B-cells	CONTROL
Immunodeficiency7828481	Naive B-cells	CVID
Immunodeficiency7828482	Naive B-cells	CONTROL
Immunodeficiency7828483	Naive B-cells	CVID
Immunodeficiency7828484	Naive B-cells	CONTROL
Immunodeficiency7828485	Naive B-cells	CVID
Immunodeficiency7828486	Naive B-cells	CONTROL
Immunodeficiency7828487	Naive B-cells	CVID
Immunodeficiency7828488	Naive B-cells	CONTROL
Immunodeficiency7828489	Naive B-cells	CVID
Immunodeficiency7828490	USM B-cells	CVID
Immunodeficiency7828491	Naive B-cells	CVID
Immunodeficiency7828492	USM B-cells	CVID
Immunodeficiency7828493	Naive B-cells	CVID
Immunodeficiency7828494	USM B-cells	CVID
Immunodeficiency7828495	Naive B-cells	CVID
Immunodeficiency7828496	USM B-cells	CVID
Immunodeficiency7828497	Naive B-cells	CVID
Immunodeficiency7828498	USM B-cells	CVID
Immunodeficiency7828499	Naive B-cells	CVID
Immunodeficiency7828500	USM B-cells	CVID
Immunodeficiency7828501	Naive B-cells	CVID
Immunodeficiency7828502	USM B-cells	CVID
Immunodeficiency7828503	Naive B-cells	CVID
Immunodeficiency7828504	USM B-cells	CVID
Immunodeficiency7828505	Naive B-cells	CVID
Immunodeficiency7828506	Naive B-cells	CONTROL
Immunodeficiency7828507	Naive B-cells	CVID
Immunodeficiency7828508	Naive B-cells	CONTROL
Immunodeficiency7828509	Naive B-cells	CVID
Immunodeficiency7828510	Naive B-cells	CONTROL
Immunodeficiency7828511	Naive B-cells	CVID
Immunodeficiency7828512	Naive B-cells	CONTROL
Immunodeficiency7828513	Naive B-cells	CVID
Immunodeficiency7828514	Naive B-cells	CONTROL
Immunodeficiency7828515	Naive B-cells	CVID
Immunodeficiency7828516	Naive B-cells	CONTROL
Immunodeficiency7828517	Naive B-cells	CVID
Immunodeficiency7828518	Naive B-cells	CONTROL
Immunodeficiency7828519	Naive B-cells	CVID
Immunodeficiency7828520	Naive B-cells	CONTROL
Immunodeficiency7828521	Naive B-cells	CVID
Immunodeficiency7828522	USM B-cells	CVID
Immunodeficiency7828523	Naive B-cells	CVID
Immunodeficiency7828524	USM B-cells	CVID
Immunodeficiency7828525	Naive B-cells	CVID
Immunodeficiency7828526	USM B-cells	CVID
Immunodeficiency7828527	Naive B-cells	CVID
Immunodeficiency7828528	USM B-cells	CVID
Immunodeficiency7828529	Naive B-cells	CVID
Immunodeficiency7828530	USM B-cells	CVID
Immunodeficiency7828531	Naive B-cells	CVID
Immunodeficiency7828532	USM B-cells	CVID
Immunodeficiency7828533	Naive B-cells	CVID
Immunodeficiency7828534	USM B-cells	CVID
Immunodeficiency7828535	Naive B-cells	CVID
Immunodeficiency7828536	USM B-cells	CVID
Immunodeficiency7828537	Naive B-cells	CVID
Immunodeficiency7828538	Naive B-cells	CONTROL
Immunodeficiency7828539	Naive B-cells	CVID
Immunodeficiency7828540	Naive B-cells	CONTROL
Immunodeficiency7828541	Naive B-cells	CVID
Immunodeficiency7828542	Naive B-cells	CONTROL
Immunodeficiency7828543	Naive B-cells	CVID
Immunodeficiency7828544	Naive B-cells	CONTROL
Immunodeficiency7828545	Naive B-cells	CVID
Immunodeficiency7828546	Naive B-cells	CONTROL
Immunodeficiency7828547	Naive B-cells	CVID
Immunodeficiency7828548	Naive B-cells	CONTROL
Immunodeficiency7828549	Naive B-cells	CVID
Immunodeficiency7828550	Naive B-cells	CONTROL
Immunodeficiency7828551	Naive B-cells	CVID
Immunodeficiency7828552	Naive B-cells	CONTROL
Immunodeficiency7828553	Naive B-cells	CVID
Immunodeficiency7828554	USM B-cells	CVID
Immunodeficiency7828555	Naive B-cells	CVID
Immunodeficiency7828556	USM B-cells	CVID
Immunodeficiency7828557	Naive B-cells	CVID
Immunodeficiency7828558	USM B-cells	CVID
Immunodeficiency7828559	Naive B-cells	CVID
Immunodeficiency7828560	USM B-cells	CVID
Immunodeficiency7828561	Naive B-cells	CVID
Immunodeficiency7828562	USM B-cells	CVID
Immunodeficiency7828563	Naive B-cells	CVID
Immunodeficiency7828564	USM B-cells	CVID
Immunodeficiency7828565	Naive B-cells	CVID
Immunodeficiency7828566	USM B-cells	CVID
Immunodeficiency7828567	Naive B-cells	CVID
Immunodeficiency7828568	USM B-cells	CVID
Immunodeficiency7828569	Naive B-cells	CVID
Immunodeficiency7828570	Naive B-cells	CONTROL
Immunodeficiency7828571	Naive B-cells	CVID
Immunodeficiency7828572	Naive B-cells	CONTROL
Immunodeficiency7828573	Naive B-cells	CVID
Immunodeficiency7828574	Naive B-cells	CONTROL
Immunodeficiency7828575	Naive B-cells	CVID
Immunodeficiency7828576	Naive B-cells	CONTROL
Immunodeficiency7828577	Naive B-cells	CVID
Immunodeficiency7828578	Naive B-cells	CONTROL
Immunodeficiency7828579	Naive B-cells	CVID
Immunodeficiency7828580	Naive B-cells	CONTROL
Immunodeficiency7828581	Naive B-cells	CVID
Immunodeficiency7828582	Naive B-cells	CONTROL
Immunodeficiency7828583	Naive B-cells	CVID
Immunodeficiency7828584	Naive B-cells	CONTROL
Immunodeficiency7828585	Naive B-cells	CVID
Immunodeficiency7828586	USM B-cells	CVID
Immunodeficiency7828587	Naive B-cells	CVID
Immunodeficiency7828588	USM B-cells	CVID
Immunodeficiency7828589	Naive B-cells	CVID
Immunodeficiency7828590	USM B-cells	CVID
Immunodeficiency7828591	Naive B-cells	CVID
Immunodeficiency7828592	USM B-cells	CVID
Immunodeficiency7828593	Naive B-cells	CVID
Immunodeficiency7828594	USM B-cells	CVID
Immunodeficiency7828595	Naive B-cells	CVID
Immunodeficiency7828596	USM B-cells	CVID
Immunodeficiency7828597	Naive B-cells	CVID
Immunodeficiency7828598	USM B-cells	CVID
Immunodeficiency7828599	Naive B-cells	CVID
Immunodeficiency7828600	USM B-cells	CVID
Immunodeficiency7828601	Naive B-cells	CVID
Immunodeficiency7828602	Naive B-cells	CONTROL
Immunodeficiency7828603	Naive B-cells	CVID
Immunodeficiency7828604	Naive B-cells	CONTROL
Immunodeficiency7828605	Naive B-cells	CVID
Immunodeficiency7828606	Naive B-cells	CONTROL
Immunodeficiency7828607	Naive B-cells	CVID
Immunodeficiency7828608	Naive B-cells	CONTROL
Immunodeficiency7828609	Naive B-cells	CVID
Immunodeficiency7828610	Naive B-cells	CONTROL
Immunodeficiency7828611	Naive B-cells	CVID
Immunodeficiency7828612	Naive B-cells	CONTROL
Immunodeficiency7828613	Naive B-cells	CVID
Immunodeficiency7828614	Naive B-cells	CONTROL
Immunodeficiency7828615	Naive B-cells	CVID
Immunodeficiency7828616	Naive B-cells	CONTROL
Immunodeficiency7828617	Naive B-cells	CVID
Immunodeficiency7828618	USM B-cells	CVID
Immunodeficiency7828619	Naive B-cells	CVID
Immunodeficiency7828620	USM B-cells	CVID
Immunodeficiency7828621	Naive B-cells	CVID
Immunodeficiency7828622	USM B-cells	CVID
Immunodeficiency7828623	Naive B-cells	CVID
Immunodeficiency7828624	USM B-cells	CVID
Immunodeficiency7828625	Naive B-cells	CVID
Immunodeficiency7828626	USM B-cells	CVID
Immunodeficiency7828627	Naive B-cells	CVID
Immunodeficiency7828628	USM B-cells	CVID
Immunodeficiency7828629	Naive B-cells	CVID
Immunodeficiency7828630	USM B-cells	CVID
Immunodeficiency7828631	Naive B-cells	CVID
Immunodeficiency7828632	USM B-cells	CVID
Immunodeficiency7828633	Naive B-cells	CVID
Immunodeficiency7828634	Naive B-cells	CONTROL
Immunodeficiency7828635	Naive B-cells	CVID
Immunodeficiency7828636	Naive B-cells	CONTROL
Immunodeficiency7828637	Naive B-cells	CVID
Immunodeficiency7828638	Naive B-cells	CONTROL
Immunodeficiency7828639	Naive B-cells	CVID
Immunodeficiency7828640	Naive B-cells	CONTROL
Immunodeficiency7828641	Naive B-cells	CVID
Immunodeficiency7828642	Naive B-cells	CONTROL
Immunodeficiency7828643	Naive B-cells	CVID
Immunodeficiency7828644	Naive B-cells	CONTROL
Immunodeficiency7828645	Naive B-cells	CVID
Immunodeficiency7828646	Naive B-cells	CONTROL
Immunodeficiency7828647	Naive B-cells	CVID
Immunodeficiency7828648	Naive B-cells	CONTROL
Immunodeficiency7828649	Naive B-cells	CVID
Immunodeficiency7828650	USM B-cells	CVID
Immunodeficiency7828651	Naive B-cells	CVID
Immunodeficiency7828652	USM B-cells	CVID
Immunodeficiency7828653	Naive B-cells	CVID
Immunodeficiency7828654	USM B-cells	CVID
Immunodeficiency7828655	Naive B-cells	CVID
Immunodeficiency7828656	USM B-cells	CVID
Immunodeficiency7828657	Naive B-cells	CVID
Immunodeficiency7828658	USM B-cells	CVID
Immunodeficiency7828659	Naive B-cells	CVID
Immunodeficiency7828660	USM B-cells	CVID
Immunodeficiency7828661	Naive B-cells	CVID
Immunodeficiency7828662	USM B-cells	CVID
Immunodeficiency7828663	Naive B-cells	CVID
Immunodeficiency7828664	USM B-cells	CVID
Immunodeficiency7828665	Naive B-cells	CVID
Immunodeficiency7828666	Naive B-cells	CONTROL
Immunodeficiency7828667	Naive B-cells	CVID
Immunodeficiency7828668	Naive B-cells	CONTROL
Immunodeficiency7828669	Naive B-cells	CVID
Immunodeficiency7828670	Naive B-cells	CONTROL
Immunodeficiency7828671	Naive B-cells	CVID
Immunodeficiency7828672	Naive B-cells	CONTROL
Immunodeficiency7828673	Naive B-cells	CVID
Immunodeficiency7828674	Naive B-cells	CONTROL
Immunodeficiency7828675	Naive B-cells	CVID
Immunodeficiency7828676	Naive B-cells	CONTROL
Immunodeficiency7828677	Naive B-cells	CVID
Immunodeficiency7828678	Naive B-cells	CONTROL
Immunodeficiency7828679	Naive B-cells	CVID
Immunodeficiency7828680	Naive B-cells	CONTROL
Immunodeficiency7828681	Naive B-cells	CVID
Immunodeficiency7828682	USM B-cells	CVID
Immunodeficiency7828683	Naive B-cells	CVID
Immunodeficiency7828684	USM B-cells	CVID
Immunodeficiency7828685	Naive B-cells	CVID
Immunodeficiency7828686	USM B-cells	CVID
Immunodeficiency7828687	Naive B-cells	CVID
Immunodeficiency7828688	USM B-cells	CVID
Immunodeficiency7828689	Naive B-cells	CVID
Immunodeficiency7828690	USM B-cells	CVID
Immunodeficiency7828691	Naive B-cells	CVID
Immunodeficiency7828692	USM B-cells	CVID
Immunodeficiency7828693	Naive B-cells	CVID
Immunodeficiency7828694	USM B-cells	CVID
Immunodeficiency7828695	Naive B-cells	CVID
Immunodeficiency7828696	USM B-cells	CVID
Immunodeficiency7828697	Naive B-cells	CVID
Immunodeficiency7828698	Naive B-cells	CONTROL
Immunodeficiency7828699	Naive B-cells	CVID
Immunodeficiency7828700	Naive B-cells	CONTROL
Immunodeficiency7828701	Naive B-cells	CVID
Immunodeficiency7828702	Naive B-cells	CONTROL
Immunodeficiency7828703	Naive B-cells	CVID
Immunodeficiency7828704	Naive B-cells	CONTROL
Immunodeficiency7828705	Naive B-cells	CVID
Immunodeficiency7828706	Naive B-cells	CONTROL
Immunodeficiency7828707	Naive B-cells	CVID
Immunodeficiency7828708	Naive B-cells	CONTROL
Immunodeficiency7828709	Naive B-cells	CVID
Immunodeficiency7828710	Naive B-cells	CONTROL
Immunodeficiency7828711	Naive B-cells	CVID
Immunodeficiency7828712	Naive B-cells	CONTROL
Immunodeficiency7828713	Naive B-cells	CVID
Immunodeficiency7828714	USM B-cells	CVID
Immunodeficiency7828715	Naive B-cells	CVID
Immunodeficiency7828716	USM B-cells	CVID
Immunodeficiency7828717	Naive B-cells	CVID
Immunodeficiency7828718	USM B-cells	CVID
Immunodeficiency7828719	Naive B-cells	CVID
Immunodeficiency7828720	USM B-cells	CVID
Immunodeficiency7828721	Naive B-cells	CVID
Immunodeficiency7828722	USM B-cells	CVID
Immunodeficiency7828723	Naive B-cells	CVID
Immunodeficiency7828724	USM B-cells	CVID
Immunodeficiency7828725	Naive B-cells	CVID
Immunodeficiency7828726	USM B-cells	CVID
Immunodeficiency7828727	Naive B-cells	CVID
Immunodeficiency7828728	USM B-cells	CVID
Immunodeficiency7828729	Naive B-cells	CVID
Immunodeficiency7828730	Naive B-cells	CONTROL
Immunodeficiency7828731	Naive B-cells	CVID
Immunodeficiency7828732	Naive B-cells	CONTROL
Immunodeficiency7828733	Naive B-cells	CVID
Immunodeficiency7828734	Naive B-cells	CONTROL
Immunodeficiency7828735	Naive B-cells	CVID
Immunodeficiency7828736	Naive B-cells	CONTROL
Immunodeficiency7828737	Naive B-cells	CVID
Immunodeficiency7828738	Naive B-cells	CONTROL
Immunodeficiency7828739	Naive B-cells	CVID
Immunodeficiency7828740	Naive B-cells	CONTROL
Immunodeficiency7828741	Naive B-cells	CVID
Immunodeficiency7828742	Naive B-cells	CONTROL
Immunodeficiency7828743	Naive B-cells	CVID
Immunodeficiency7828744	Naive B-cells	CONTROL
Immunodeficiency7828745	Naive B-cells	CVID
Immunodeficiency7828746	USM B-cells	CVID
Immunodeficiency7828747	Naive B-cells	CVID
Immunodeficiency7828748	USM B-cells	CVID
Immunodeficiency7828749	Naive B-cells	CVID
Immunodeficiency7828750	USM B-cells	CVID
Immunodeficiency7828751	Naive B-cells	CVID
Immunodeficiency7828752	USM B-cells	CVID
Immunodeficiency7828753	Naive B-cells	CVID
Immunodeficiency7828754	USM B-cells	CVID
Immunodeficiency7828755	Naive B-cells	CVID
Immunodeficiency7828756	USM B-cells	CVID
Immunodeficiency7828757	Naive B-cells	CVID
Immunodeficiency7828758	USM B-cells	CVID
Immunodeficiency7828759	Naive B-cells	CVID
Immunodeficiency7828760	USM B-cells	CVID
Immunodeficiency7828761	Naive B-cells	CVID
Immunodeficiency7828762	Naive B-cells	CONTROL
Immunodeficiency7828763	Naive B-cells	CVID
Immunodeficiency7828764	Naive B-cells	CONTROL
Immunodeficiency7828765	Naive B-cells	CVID
Immunodeficiency7828766	Naive B-cells	CONTROL
Immunodeficiency7828767	Naive B-cells	CVID
Immunodeficiency7828768	Naive B-cells	CONTROL
Immunodeficiency7828769	Naive B-cells	CVID
Immunodeficiency7828770	Naive B-cells	CONTROL
Immunodeficiency7828771	Naive B-cells	CVID
Immunodeficiency7828772	Naive B-cells	CONTROL
Immunodeficiency7828773	Naive B-cells	CVID
Immunodeficiency7828774	Naive B-cells	CONTROL
Immunodeficiency7828775	Naive B-cells	CVID
Immunodeficiency7828776	Naive B-cells	CONTROL
Immunodeficiency7828777	Naive B-cells	CVID
Immunodeficiency7828778	USM B-cells	CVID
Immunodeficiency7828779	Naive B-cells	CVID
Immunodeficiency7828780	USM B-cells	CVID
Immunodeficiency7828781	Naive B-cells	CVID
Immunodeficiency7828782	USM B-cells	CVID
Immunodeficiency7828783	Naive B-cells	CVID
Immunodeficiency7828784	USM B-cells	CVID
Immunodeficiency7828785	Naive B-cells	CVID
Immunodeficiency7828786	USM B-cells	CVID
Immunodeficiency7828787	Naive B-cells	CVID
Immunodeficiency7828788	USM B-cells	CVID
Immunodeficiency7828789	Naive B-cells	CVID
Immunodeficiency7828790	USM B-cells	CVID
Immunodeficiency7828791	Naive B-cells	CVID
Immunodeficiency7828792	USM B-cells	CVID
Immunodeficiency7828793	Naive B-cells	CVID
Immunodeficiency7828794	Naive B-cells	CONTROL
Immunodeficiency7828795	Naive B-cells	CVID
Immunodeficiency7828796	Naive B-cells	CONTROL
Immunodeficiency7828797	Naive B-cells	CVID
Immunodeficiency7828798	Naive B-cells	CONTROL
Immunodeficiency7828799	Naive B-cells	CVID
Immunodeficiency7828800	Naive B-cells	CONTROL
Immunodeficiency7828801	Naive B-cells	CVID
Immunodeficiency7828802	Naive B-cells	CONTROL
Immunodeficiency7828803	Naive B-cells	CVID
Immunodeficiency7828804	Naive B-cells	CONTROL
Immunodeficiency7828805	Naive B-cells	CVID
Immunodeficiency7828806	Naive B-cells	CONTROL
Immunodeficiency7828807	Naive B-cells	CVID
Immunodeficiency7828808	Naive B-cells	CONTROL
Immunodeficiency7828809	Naive B-cells	CVID
Immunodeficiency7828810	Naive B-cells	CONTROL
Immunodeficiency7828811	Naive B-cells	CONTROL
Immunodeficiency7828812	Naive B-cells	CONTROL
Immunodeficiency7828813	Naive B-cells	CONTROL
Immunodeficiency7828814	Naive B-cells	CONTROL
Immunodeficiency7828815	Naive B-cells	CONTROL
Immunodeficiency7828816	Naive B-cells	CONTROL
Immunodeficiency7828817	Naive B-cells	CONTROL
Immunodeficiency7828818	Naive B-cells	CONTROL
Immunodeficiency7828819	Naive B-cells	CONTROL
Immunodeficiency7828820	Naive B-cells	CONTROL
Immunodeficiency7828821	Naive B-cells	CONTROL
Immunodeficiency7828822	Naive B-cells	CONTROL
Immunodeficiency7828823	Naive B-cells	CONTROL
Immunodeficiency7828824	Naive B-cells	CONTROL
Immunodeficiency7828825	Naive B-cells	CONTROL
Immunodeficiency7828826	Naive B-cells	CONTROL
Immunodeficiency7828827	Naive B-cells	CONTROL
Immunodeficiency7828828	Naive B-cells	CONTROL
Immunodeficiency7828829	Naive B-cells	CONTROL
Immunodeficiency7828830	Naive B-cells	CONTROL
Immunodeficiency7828831	Naive B-cells	CONTROL
Immunodeficiency7828832	Naive B-cells	CONTROL
Immunodeficiency7828833	Naive B-cells	CONTROL
Immunodeficiency7828834	Naive B-cells	CONTROL
Immunodeficiency7828835	Naive B-cells	CONTROL
Immunodeficiency7828836	Naive B-cells	CONTROL
Immunodeficiency7828837	Naive B-cells	CONTROL
Immunodeficiency7828838	Naive B-cells	CONTROL
Immunodeficiency7828839	Naive B-cells	CONTROL
Immunodeficiency7828840	Naive B-cells	CONTROL
Immunodeficiency7828841	Naive B-cells	CONTROL
Immunodeficiency7828842	Naive B-cells	CONTROL
Immunodeficiency7828843	Naive B-cells	CONTROL
Immunodeficiency7828844	Naive B-cells	CONTROL
Immunodeficiency7828845	Naive B-cells	CONTROL
Immunodeficiency7828846	Naive B-cells	CONTROL
Immunodeficiency7828847	Naive B-cells	CONTROL
Immunodeficiency7828848	Naive B-cells	CONTROL
Immunodeficiency7828849	Naive B-cells	CONTROL
Immunodeficiency7828850	Naive B-cells	CONTROL
Immunodeficiency7828851	Naive B-cells	CONTROL
Immunodeficiency7828852	Naive B-cells	CONTROL
Immunodeficiency7828853	Naive B-cells	CONTROL
Immunodeficiency7828854	Naive B-cells	CONTROL
Immunodeficiency7828855	Naive B-cells	CONTROL
Immunodeficiency7828856	Naive B-cells	CONTROL
Immunodeficiency7828857	Naive B-cells	CONTROL
Immunodeficiency7828858	Naive B-cells	CONTROL
Immunodeficiency7828859	Naive B-cells	CONTROL
Immunodeficiency7828860	Naive B-cells	CONTROL
Immunodeficiency7828861	Naive B-cells	CONTROL
Immunodeficiency7828862	Naive B-cells	CONTROL
Immunodeficiency7828863	Naive B-cells	CONTROL
Immunodeficiency7828864	Naive B-cells	CONTROL
Immunodeficiency7828865	Naive B-cells	CONTROL
Immunodeficiency7828866	Naive B-cells	CONTROL
Immunodeficiency7828867	Naive B-cells	CONTROL
Immunodeficiency7828868	Naive B-cells	CONTROL
Immunodeficiency7828869	Naive B-cells	CONTROL
Immunodeficiency7828870	Naive B-cells	CONTROL
Immunodeficiency7828871	Naive B-cells	CONTROL
Immunodeficiency7828872	Naive B-cells	CONTROL
Immunodeficiency7828873	Naive B-cells	CONTROL
Immunodeficiency7828874	Naive B-cells	CONTROL
Immunodeficiency7828875	Naive B-cells	CONTROL
Immunodeficiency7828876	Naive B-cells	CONTROL
Immunodeficiency7828877	Naive B-cells	CONTROL
Immunodeficiency7828878	Naive B-cells	CONTROL
Immunodeficiency7828879	Naive B-cells	CONTROL
Immunodeficiency7828880	Naive B-cells	CONTROL
Immunodeficiency7828881	Naive B-cells	CONTROL
Immunodeficiency7828882	Naive B-cells	CONTROL
Immunodeficiency7828883	Naive B-cells	CONTROL
Immunodeficiency7828884	Naive B-cells	CONTROL
Immunodeficiency7828885	Naive B-cells	CONTROL
Immunodeficiency7828886	Naive B-cells	CONTROL
Immunodeficiency7828887	Naive B-cells	CONTROL
Immunodeficiency7828888	Naive B-cells	CONTROL
Immunodeficiency7828889	Naive B-cells	CONTROL
Immunodeficiency7828890	Naive B-cells	CONTROL
Immunodeficiency7828891	Naive B-cells	CONTROL
Immunodeficiency7828892	Naive B-cells	CONTROL
Immunodeficiency7828893	Naive B-cells	CONTROL
Immunodeficiency7828894	Naive B-cells	CONTROL
Immunodeficiency7828895	Naive B-cells	CONTROL
Immunodeficiency7828896	Naive B-cells	CONTROL
Immunodeficiency7828897	Naive B-cells	CONTROL
Immunodeficiency7828898	Naive B-cells	CONTROL
Immunodeficiency7828899	Naive B-cells	CONTROL
Immunodeficiency7828900	Naive B-cells	CONTROL
Immunodeficiency7828901	Naive B-cells	CONTROL
Immunodeficiency7828902	Naive B-cells	CONTROL
Immunodeficiency7828903	Naive B-cells	CONTROL
Immunodeficiency7828904	Naive B-cells	CONTROL
Immunodeficiency7828905	Naive B-cells	CONTROL
